CarNumber,Surname
Y232E877RUS,ADAMS
705387163RUS,ALLEN
C299K9154RUS,ALVAREZ
9886HX152RUS,ANDERSON
C592EY154RUS,BAILEY
O134HE197RUS,BAKER
Y780EE197RUS,BENNETT
T171CC96RUS,BROOKS
Y6829Y50RUS,BROWN
Y352O8197RUS,CAMPBELL
8601XX154RUS,CARTER
Y359EY197RUS,CASTILLO
T020MM116RUS,CHAVEZ
E33477152RUS,CLARK
C798ET50RUS,COLLINS
E33577152RUS,COOK
7199MT197RUS,COOPER
7177TT36RUS,COX
7844C8197RUS,CRUZ
9141H8178RUS,DAVIS
Y969O8197RUS,DIAZ
Y166O8161RUS,EDWARDS
C412X938RUS,EVANS
H419XE197RUS,FLORES
Y7659C197RUS,FOSTER
E53677152RUS,GARCIA
O752MX161RUS,GOMEZ
7788KT197RUS,GONZALEZ
9428EX178RUS,GRAY
X256HE161RUS,GREEN
Y356O8197RUS,GUTIERREZ
7183TT36RUS,HALL
X759HY197RUS,HARRIS
M256OH161RUS,HERNANDEZ
8439XX154RUS,HILL
O64297197RUS,HOWARD
Y778EE197RUS,HUGHES
84438C154RUS,JACKSON
Y780EE197RUS,JAMES
Y650E8750RUS,JIMENEZ
H237YH197RUS,JOHNSON
9942KK197RUS,JONES
Y652O8197RUS,KELLY
9028CO161RUS,KIM
H618YC38RUS,KING
82337X197RUS,LEE
83298C154RUS,LEWIS
O752MX161RUS,LONG
K379HY161RUS,LOPEZ
Y780EE197RUS,MARTIN
M386M9197RUS,MARTINEZ
M373CH197RUS,MENDOZA
9883HX152RUS,MILLER
8605T8154RUS,MITCHELL
K328T8197RUS,MOORE
E53677152RUS,MORALES
M589CH197RUS,MORGAN
Y7709C197RUS,MORRIS
O83697197RUS,MURPHY
M580CH197RUS,MYERS
H237YH197RUS,NELSON
7844C8197RUS,NGUYEN
89557X197RUS,ORTIZ
M5039X197RUS,PARKER
K328T8197RUS,PATEL
7827C8197RUS,PEREZ
H224X836RUS,PETERSON
92918M178RUS,PHILLIPS
T399KX197RUS,PRICE
Y7719C197RUS,RAMIREZ
O017KO197RUS,RAMOS
9697MO178RUS,REED
E40877152RUS,REYES
T016OX197RUS,RICHARDSON
T941CC96RUS,RIVERA
Y305E877RUS,ROBERTS
8164XX154RUS,ROBINSON
X758HY197RUS,RODRIGUEZ
M581CH197RUS,ROGERS
9671EC178RUS,ROSS
sdjsdf82385,BILLL
sdjsdf823813,MIA
sdjsdf8f2385,BILL
